GROUP,PACKAGE,CLASS,INSTRUCTION_MISSED,INSTRUCTION_COVERED,BRANCH_MISSED,BRANCH_COVERED,LINE_MISSED,LINE_COVERED,COMPLEXITY_MISSED,COMPLEXITY_COVERED,METHOD_MISSED,METHOD_COVERED
Pet-Store,com.sahith.services.implementations,ItemServiceImpl,0,43,0,2,0,12,0,6,0,5
Pet-Store,com.sahith.services.implementations,OrderServiceImpl,46,65,3,3,11,15,4,8,2,7
Pet-Store,com.sahith.services.implementations,CustomerServiceImpl,53,64,8,2,16,16,7,9,3,8
Pet-Store,com.sahith.services.implementations,CategoryServiceImpl,0,46,0,2,0,14,0,6,0,5
Pet-Store,com.sahith.controller,SignupController,87,0,4,0,22,0,5,0,3,0
Pet-Store,com.sahith.controller,LoginController,27,0,0,0,7,0,2,0,2,0
Pet-Store,com.sahith.controller,HomeController,5,0,0,0,2,0,2,0,2,0
Pet-Store,com.sahith.utilities,CustomerSignIn,17,0,0,0,7,0,5,0,5,0
Pet-Store,com.sahith.utilities,CustomerOrder,81,0,4,0,28,0,14,0,12,0
Pet-Store,com.sahith.utilities,CustomerSignUp,56,0,0,0,24,0,12,0,12,0
Pet-Store,com.sahith.entity,Item,345,38,55,1,33,13,52,2,24,2
Pet-Store,com.sahith.entity,Order,178,20,27,1,22,7,28,2,14,2
Pet-Store,com.sahith.entity,Category,133,14,23,1,12,5,22,2,10,2
Pet-Store,com.sahith.entity,Customer,262,38,47,1,23,13,38,5,14,5
Pet-Store,com.sahith.config,AppConfig,5,0,0,0,2,0,2,0,2,0
Pet-Store,com.sahith.services.customer,CustomUserDetailService,48,0,4,0,11,0,4,0,2,0
Pet-Store,com.sahith,SecurityConfiguration,83,0,0,0,20,0,4,0,4,0
Pet-Store,com.sahith,PetStoreApplication,8,0,0,0,3,0,2,0,2,0
